language,method,problem,dim,instance,budget,best_f,evals_used,time_s,error,hit_tol1,hit_tol2,hit_tol3,hit_tol4,hit_tol5,hit_tol6,hit_tol7,hit_tol8
python,skopt_gp,bbob_f005,2,5,50,0.0,50,20.532928,,6.0,6.0,6.0,6.0,6.0,6.0,6.0,6.0
python,skopt_gp,bbob_f005,2,72,50,0.0,50,17.838014,,6.0,6.0,6.0,6.0,6.0,6.0,6.0,6.0
python,skopt_gp,bbob_f006,2,2,50,2.3870721491457623,50,31.798518,,,,,,,,,
python,skopt_gp,bbob_f006,2,4,50,7.010563726449647,50,25.56587,,,,,,,,,
python,skopt_gp,bbob_f005,2,1,50,0.0,50,23.468169,,6.0,6.0,6.0,6.0,6.0,6.0,6.0,6.0
python,skopt_gp,bbob_f005,2,2,50,0.0,50,21.190839,,6.0,6.0,6.0,6.0,6.0,6.0,6.0,6.0
python,skopt_gp,bbob_f005,2,4,50,0.0,50,19.252201,,6.0,6.0,6.0,6.0,6.0,6.0,6.0,6.0
python,skopt_gp,bbob_f005,2,73,50,0.0,50,22.097542,,7.0,7.0,7.0,7.0,7.0,7.0,7.0,7.0
python,skopt_gp,bbob_f005,2,75,50,0.0,50,23.635765,,6.0,6.0,6.0,6.0,6.0,6.0,6.0,6.0
python,skopt_gp,bbob_f005,2,76,50,0.0,50,18.475701,,6.0,6.0,6.0,6.0,6.0,6.0,6.0,6.0
python,skopt_gp,bbob_f003,2,76,50,16.142058940365928,50,40.741754,,,,,,,,,
python,skopt_gp,bbob_f003,2,78,50,2.5205105210876155,50,22.689729,,,,,,,,,
python,skopt_gp,bbob_f001,2,5,50,4.20150471143188e-05,50,34.590803,,18.0,19.0,27.0,45.0,,,,
python,skopt_gp,bbob_f001,2,72,50,1.9499199481742835e-06,50,34.736021,,14.0,18.0,24.0,35.0,35.0,,,
python,skopt_gp,bbob_f004,2,73,50,10.4155872338265,50,29.682421,,,,,,,,,
python,skopt_gp,bbob_f004,2,75,50,9.004862926774628,50,41.402671,,,,,,,,,
python,skopt_gp,bbob_f005,2,78,50,0.0,50,24.680952,,6.0,6.0,6.0,6.0,6.0,6.0,6.0,6.0
python,skopt_gp,bbob_f005,2,79,50,0.0,50,24.581128,,6.0,6.0,6.0,6.0,6.0,6.0,6.0,6.0
python,skopt_gp,bbob_f006,2,1,50,28.044144000677505,50,45.420607,,,,,,,,,
python,skopt_gp,bbob_f003,2,79,50,1.4430635832078735,50,36.468471,,,,,,,,,
python,skopt_gp,bbob_f004,2,1,50,4.708585225393506,50,34.127373,,,,,,,,,
python,skopt_gp,bbob_f004,2,2,50,5.625465132964393,50,27.982631,,,,,,,,,
python,skopt_gp,bbob_f004,2,4,50,8.001480293202269,50,36.792737,,,,,,,,,
python,skopt_gp,bbob_f004,2,5,50,5.840995920180632,50,26.342228,,,,,,,,,
python,skopt_gp,bbob_f004,2,72,50,5.941221557885456,50,36.380351,,,,,,,,,
python,skopt_gp,bbob_f003,2,2,50,13.3648087427475,50,33.785823,,,,,,,,,
python,skopt_gp,bbob_f003,2,4,50,2.2925548170038312,50,41.487102,,,,,,,,,
python,skopt_gp,bbob_f003,2,5,50,8.093130630667758,50,24.601358,,,,,,,,,
python,skopt_gp,bbob_f002,2,79,50,16.207167041263713,50,66.381354,,,,,,,,,
python,skopt_gp,bbob_f003,2,1,50,1.7717046673313348,50,30.895608,,,,,,,,,
python,skopt_gp,bbob_f003,2,72,50,10.594374195964434,50,29.429126,,,,,,,,,
python,skopt_gp,bbob_f003,2,73,50,10.731535841904474,50,33.535481,,,,,,,,,
python,skopt_gp,bbob_f003,2,75,50,25.92386589617984,50,38.757722,,,,,,,,,
python,skopt_gp,bbob_f004,2,76,50,2.866362799275066,50,36.245527,,,,,,,,,
python,skopt_gp,bbob_f004,2,78,50,5.039829537461026,50,29.066059,,,,,,,,,
python,skopt_gp,bbob_f004,2,79,50,5.32599414883461,50,42.749387,,,,,,,,,
python,skopt_gp,bbob_f002,2,2,50,16.93178513035599,50,55.871407,,,,,,,,,
python,skopt_gp,bbob_f002,2,4,50,20.13766381152709,50,56.827247,,,,,,,,,
python,skopt_gp,bbob_f001,2,1,50,3.385127456567716e-06,50,53.355526,,16.0,20.0,22.0,41.0,48.0,,,
python,skopt_gp,bbob_f001,2,2,50,3.685273549081103e-05,50,37.521953,,15.0,15.0,17.0,19.0,,,,
python,skopt_gp,bbob_f001,2,4,50,2.7642690838547423e-06,50,40.052289,,13.0,15.0,16.0,27.0,41.0,,,
python,skopt_gp,bbob_f006,2,79,50,3.833526527567983,50,31.474832,,,,,,,,,
python,skopt_gp,bbob_f007,2,1,50,2.068633887359084,50,38.115781,,,,,,,,,
python,skopt_gp,bbob_f001,2,78,50,2.204918246206944e-05,50,39.902119,,18.0,19.0,20.0,24.0,,,,
python,skopt_gp,bbob_f001,2,79,50,6.16862597553336e-05,50,47.215244,,10.0,13.0,20.0,35.0,,,,
python,skopt_gp,bbob_f002,2,1,50,3.044556665451978,50,49.475087,,,,,,,,,
python,skopt_gp,bbob_f001,2,73,50,6.285048868903687e-05,50,42.254447,,10.0,12.0,15.0,48.0,,,,
python,skopt_gp,bbob_f001,2,75,50,0.0001226725166851,50,51.166736,,8.0,11.0,18.0,,,,,
python,skopt_gp,bbob_f001,2,76,50,6.2687077324596885e-06,50,43.388123,,11.0,15.0,16.0,40.0,40.0,,,
python,skopt_gp,bbob_f007,2,76,50,2.53226131311564,50,36.73675,,,,,,,,,
python,skopt_gp,bbob_f007,2,78,50,0.9182763764938286,50,35.177997,,,,,,,,,
python,skopt_gp,bbob_f002,2,5,50,23.190077700091308,50,60.680403,,,,,,,,,
python,skopt_gp,bbob_f002,2,72,50,41.19767486595089,50,34.875603,,,,,,,,,
python,skopt_gp,bbob_f002,2,73,50,31.22947674211241,50,52.002494,,,,,,,,,
python,skopt_gp,bbob_f006,2,5,50,23.445335949846594,50,38.150714,,,,,,,,,
python,skopt_gp,bbob_f006,2,72,50,69.48296174006083,50,34.631873,,,,,,,,,
python,skopt_gp,bbob_f006,2,73,50,14.832034016180554,50,44.58287,,,,,,,,,
python,skopt_gp,bbob_f007,2,2,50,2.398159182348536e-07,50,28.078202,,25.0,30.0,44.0,44.0,44.0,44.0,,
python,skopt_gp,bbob_f007,2,4,50,0.1171918941565905,50,31.910031,,,,,,,,,
python,skopt_gp,bbob_f007,2,5,50,0.4949682067110359,50,47.28804,,,,,,,,,
python,skopt_gp,bbob_f002,2,75,50,108.48930139010616,50,63.953586,,,,,,,,,
python,skopt_gp,bbob_f002,2,76,50,756.3134020196434,50,54.094309,,,,,,,,,
python,skopt_gp,bbob_f002,2,78,50,50.35995720928918,50,54.563778,,,,,,,,,
python,skopt_gp,bbob_f010,2,2,50,67.85784774195443,50,33.076026,,,,,,,,,
python,skopt_gp,bbob_f010,2,4,50,259.2126085124712,50,36.708584,,,,,,,,,
python,skopt_gp,bbob_f009,2,5,50,1.83743173145281,50,47.056951,,,,,,,,,
python,skopt_gp,bbob_f009,2,72,50,3.945590404592842,50,39.151084,,,,,,,,,
python,skopt_gp,bbob_f007,2,72,50,65.55200472825055,50,31.594287,,,,,,,,,
python,skopt_gp,bbob_f007,2,73,50,0.0298865543009299,50,54.521774,,18.0,,,,,,,
python,skopt_gp,bbob_f007,2,75,50,0.1066828273569626,50,35.152776,,,,,,,,,
python,skopt_gp,bbob_f006,2,75,50,1.3948693527691205,50,40.468011,,,,,,,,,
python,skopt_gp,bbob_f006,2,76,50,11.422444449310476,50,49.248335,,,,,,,,,
python,skopt_gp,bbob_f006,2,78,50,30.61953076683644,50,40.057593,,,,,,,,,
python,skopt_gp,bbob_f007,2,79,50,2.078633871882971,50,30.235304,,,,,,,,,
python,skopt_gp,bbob_f008,2,1,50,7.996285632193974,50,43.693638,,,,,,,,,
python,skopt_gp,bbob_f008,2,2,50,207.28005649895115,50,45.12205,,,,,,,,,
python,skopt_gp,bbob_f008,2,73,50,6.770383364919049,50,44.304303,,,,,,,,,
python,skopt_gp,bbob_f008,2,75,50,0.1193637954730917,50,53.649306,,,,,,,,,
python,skopt_gp,bbob_f009,2,1,50,2.248277601446404,50,29.724959,,,,,,,,,
python,skopt_gp,bbob_f009,2,2,50,0.3165375160822705,50,37.215827,,,,,,,,,
python,skopt_gp,bbob_f009,2,4,50,0.2230447926578449,50,34.566794,,,,,,,,,
python,skopt_gp,bbob_f009,2,78,50,0.2923782313608702,50,42.549341,,,,,,,,,
python,skopt_gp,bbob_f009,2,79,50,3.31835862990237,50,30.806396,,,,,,,,,
python,skopt_gp,bbob_f010,2,1,50,3.5393241461446934,50,25.715146,,,,,,,,,
python,skopt_gp,bbob_f009,2,73,50,0.7110692673895755,50,38.562763,,,,,,,,,
python,skopt_gp,bbob_f009,2,75,50,0.2756339135485959,50,36.043127,,,,,,,,,
python,skopt_gp,bbob_f009,2,76,50,6.5792059910712055,50,39.31024,,,,,,,,,
python,skopt_gp,bbob_f011,2,76,50,14.657050410102215,50,35.127436,,,,,,,,,
python,skopt_gp,bbob_f011,2,78,50,0.1768467967096003,50,33.77232,,,,,,,,,
python,skopt_gp,bbob_f010,2,79,50,2.270842908413897,50,50.09958,,,,,,,,,
python,skopt_gp,bbob_f011,2,1,50,26.83723572959383,50,32.443443,,,,,,,,,
python,skopt_gp,bbob_f008,2,4,50,0.3422577779626579,50,33.703519,,,,,,,,,
python,skopt_gp,bbob_f008,2,5,50,14.858487526946597,50,55.533884,,,,,,,,,
python,skopt_gp,bbob_f008,2,72,50,1.2600850694065002,50,51.929196,,,,,,,,,
python,skopt_gp,bbob_f013,2,5,50,2.6803732092621715,50,28.399257,,,,,,,,,
python,skopt_gp,bbob_f013,2,72,50,3.410338289809374,50,24.208841,,,,,,,,,
python,skopt_gp,bbob_f008,2,76,50,1.265934357742026,50,44.21558,,,,,,,,,
python,skopt_gp,bbob_f008,2,78,50,0.4513155499282675,50,40.219038,,,,,,,,,
python,skopt_gp,bbob_f008,2,79,50,3.574421055951502,50,59.422801,,,,,,,,,
python,skopt_gp,bbob_f010,2,75,50,0.0719241717436958,50,44.042278,,18.0,,,,,,,
python,skopt_gp,bbob_f010,2,76,50,72.146821185197,50,36.159526,,,,,,,,,
python,skopt_gp,bbob_f010,2,78,50,126.92808584081854,50,29.585844,,,,,,,,,
python,skopt_gp,bbob_f011,2,2,50,64.52799506086129,50,34.470423,,,,,,,,,
python,skopt_gp,bbob_f011,2,4,50,0.4681846908762281,50,38.526546,,,,,,,,,
python,skopt_gp,bbob_f011,2,5,50,2.89550584724671,50,41.983728,,,,,,,,,
python,skopt_gp,bbob_f012,2,73,50,167.65221970006604,50,48.979704,,,,,,,,,
python,skopt_gp,bbob_f012,2,75,50,17.444853505081937,50,48.639223,,,,,,,,,
python,skopt_gp,bbob_f011,2,79,50,163.69601402979237,50,42.127766,,,,,,,,,
python,skopt_gp,bbob_f012,2,1,50,76.36606223004571,50,56.705986,,,,,,,,,
python,skopt_gp,bbob_f012,2,2,50,6779631.534742254,50,24.227601,,,,,,,,,
python,skopt_gp,bbob_f014,2,2,50,0.0143331854844461,50,38.930909,,26.0,,,,,,,
python,skopt_gp,bbob_f014,2,4,50,0.0229333874244659,50,47.947228,,24.0,,,,,,,
python,skopt_gp,bbob_f015,2,76,50,3.06796392483858,50,27.341203,,,,,,,,,
python,skopt_gp,bbob_f015,2,78,50,0.4120356273429451,50,21.547029,,,,,,,,,
python,skopt_gp,bbob_f013,2,1,50,3.539380988623698,50,33.40952,,,,,,,,,
python,skopt_gp,bbob_f013,2,2,50,1.8240274893155544,50,27.618906,,,,,,,,,
python,skopt_gp,bbob_f013,2,4,50,2.783598538637761,50,35.656329,,,,,,,,,
python,skopt_gp,bbob_f010,2,5,50,15.652372289679704,50,53.810378,,,,,,,,,
python,skopt_gp,bbob_f010,2,72,50,61.22986207829713,50,46.392058,,,,,,,,,
python,skopt_gp,bbob_f010,2,73,50,31.76682346118494,50,55.315685,,,,,,,,,
python,skopt_gp,bbob_f013,2,78,50,1.1968775794361193,50,26.688504,,,,,,,,,
python,skopt_gp,bbob_f013,2,79,50,9.451461508279095,50,29.725215,,,,,,,,,
python,skopt_gp,bbob_f014,2,1,50,0.0143879449407791,50,40.78664,,17.0,,,,,,,
python,skopt_gp,bbob_f012,2,76,50,448288.7466223117,50,41.192463,,,,,,,,,
python,skopt_gp,bbob_f012,2,78,50,999.585589343852,50,30.149591,,,,,,,,,
python,skopt_gp,bbob_f012,2,79,50,81.62710732711476,50,37.545415,,,,,,,,,
python,skopt_gp,bbob_f014,2,79,50,0.0340648914580228,50,44.003816,,32.0,,,,,,,
python,skopt_gp,bbob_f015,2,1,50,5.300923645996477,50,36.576022,,,,,,,,,
python,skopt_gp,bbob_f013,2,73,50,22.24448538636322,50,41.043935,,,,,,,,,
python,skopt_gp,bbob_f013,2,75,50,0.6966309149036425,50,36.377926,,,,,,,,,
python,skopt_gp,bbob_f013,2,76,50,8.393390517364537,50,30.234997,,,,,,,,,
python,skopt_gp,bbob_f011,2,72,50,1197.5101208709295,50,53.714854,,,,,,,,,
python,skopt_gp,bbob_f011,2,73,50,24.458713979453638,50,58.139332,,,,,,,,,
python,skopt_gp,bbob_f011,2,75,50,1.6832587591785426,50,44.95608,,,,,,,,,
python,skopt_gp,bbob_f016,2,73,50,2.0394922749553643,50,28.068104,,,,,,,,,
python,skopt_gp,bbob_f016,2,75,50,4.929164234391777,50,28.127477,,,,,,,,,
python,skopt_gp,bbob_f012,2,4,50,83.99822267858187,50,49.284846,,,,,,,,,
python,skopt_gp,bbob_f012,2,5,50,5.895609952484222,50,41.207079,,,,,,,,,
python,skopt_gp,bbob_f012,2,72,50,9.659376007527529,50,44.673823,,,,,,,,,
python,skopt_gp,bbob_f015,2,2,50,5.005752818800033,50,34.339017,,,,,,,,,
python,skopt_gp,bbob_f015,2,4,50,5.064897641236069,50,34.128852,,,,,,,,,
python,skopt_gp,bbob_f015,2,5,50,2.936402903698024,50,30.937381,,,,,,,,,
python,skopt_gp,bbob_f015,2,72,50,8.942414258895681,50,41.733316,,,,,,,,,
python,skopt_gp,bbob_f015,2,73,50,1.25451441783418,50,32.682548,,,,,,,,,
python,skopt_gp,bbob_f015,2,75,50,4.079937098827188,50,29.291887,,,,,,,,,
python,skopt_gp,bbob_f014,2,75,50,0.0189990289923116,50,38.326738,,17.0,,,,,,,
python,skopt_gp,bbob_f014,2,76,50,0.0217092379859096,50,39.998194,,20.0,,,,,,,
python,skopt_gp,bbob_f014,2,78,50,0.1659857201685213,50,40.601078,,,,,,,,,
python,skopt_gp,bbob_f016,2,4,50,1.42206598222333,50,27.158316,,,,,,,,,
python,skopt_gp,bbob_f016,2,5,50,0.770068829496168,50,26.227745,,,,,,,,,
python,skopt_gp,bbob_f016,2,72,50,2.4711486205541746,50,30.812546,,,,,,,,,
python,skopt_gp,bbob_f015,2,79,50,7.9112577478173876,50,28.047608,,,,,,,,,
python,skopt_gp,bbob_f016,2,1,50,3.692900581859746,50,33.409268,,,,,,,,,
python,skopt_gp,bbob_f016,2,2,50,7.994891277387126,50,28.941128,,,,,,,,,
python,skopt_gp,bbob_f018,2,2,50,1.0878821150387736,50,26.882022,,,,,,,,,
python,skopt_gp,bbob_f018,2,4,50,0.4366884022000761,50,26.574201,,,,,,,,,
python,skopt_gp,bbob_f016,2,76,50,1.9034691821904344,50,25.194743,,,,,,,,,
python,skopt_gp,bbob_f016,2,78,50,1.843283771085737,50,27.721575,,,,,,,,,
python,skopt_gp,bbob_f016,2,79,50,0.2231422596212837,50,33.4644,,,,,,,,,
python,skopt_gp,bbob_f017,2,5,50,0.2391299744962793,50,35.329888,,,,,,,,,
python,skopt_gp,bbob_f017,2,72,50,3.1425254366224635,50,26.665026,,,,,,,,,
python,skopt_gp,bbob_f014,2,5,50,0.0462847160999544,50,52.814847,,12.0,,,,,,,
python,skopt_gp,bbob_f014,2,72,50,0.0428366475961894,50,41.638935,,43.0,,,,,,,
python,skopt_gp,bbob_f014,2,73,50,0.0338538002698669,50,49.651159,,20.0,,,,,,,
python,skopt_gp,bbob_f018,2,79,50,4.524077823060679,50,29.870801,,,,,,,,,
python,skopt_gp,bbob_f019,2,1,50,0.0573912613463818,50,31.8972,,7.0,,,,,,,
python,skopt_gp,bbob_f017,2,1,50,0.2307531733246257,50,37.924442,,,,,,,,,
python,skopt_gp,bbob_f017,2,2,50,0.0400947048139492,50,29.287324,,13.0,,,,,,,
python,skopt_gp,bbob_f017,2,4,50,0.0042822752188698,50,27.428831,,31.0,50.0,,,,,,
python,skopt_gp,bbob_f019,2,76,50,0.8987534079398074,50,33.14492,,,,,,,,,
python,skopt_gp,bbob_f019,2,78,50,0.3597075515480128,50,26.155106,,,,,,,,,
python,skopt_gp,bbob_f017,2,78,50,0.1586722897556711,50,24.595556,,,,,,,,,
python,skopt_gp,bbob_f017,2,79,50,0.1605911520852032,50,21.2615,,,,,,,,,
python,skopt_gp,bbob_f018,2,1,50,1.0423236190963756,50,44.744711,,,,,,,,,
python,skopt_gp,bbob_f019,2,72,50,0.02167105343986,50,17.980496,,36.0,,,,,,,
python,skopt_gp,bbob_f019,2,73,50,0.0157932911008131,50,19.785281,,30.0,,,,,,,
python,skopt_gp,bbob_f019,2,75,50,0.2660611750079624,50,38.508582,,,,,,,,,
python,skopt_gp,bbob_f017,2,73,50,0.0840083362868924,50,31.041724,,19.0,,,,,,,
python,skopt_gp,bbob_f017,2,75,50,0.5415657740646793,50,28.981719,,,,,,,,,
python,skopt_gp,bbob_f017,2,76,50,1.3891879933500275,50,35.860291,,,,,,,,,
python,skopt_gp,bbob_f018,2,5,50,2.4601555953944114,50,46.787719,,,,,,,,,
python,skopt_gp,bbob_f018,2,72,50,3.405812898231787,50,26.586259,,,,,,,,,
python,skopt_gp,bbob_f018,2,73,50,1.0907223848217953,50,27.799491,,,,,,,,,
python,skopt_gp,bbob_f019,2,2,50,0.9216706811923244,50,32.884952,,,,,,,,,
python,skopt_gp,bbob_f019,2,4,50,1.7921145782020886,50,28.006487,,,,,,,,,
python,skopt_gp,bbob_f019,2,5,50,0.1613460395317361,50,31.666246,,,,,,,,,
python,skopt_gp,bbob_f021,2,5,50,1.615518044673081e-06,50,32.516208,,11.0,21.0,30.0,43.0,45.0,,,
python,skopt_gp,bbob_f021,2,72,50,0.933308692168076,50,33.336911,,,,,,,,,
python,skopt_gp,bbob_f022,2,2,50,2.5972849799884443,50,26.40974,,,,,,,,,
python,skopt_gp,bbob_f022,2,4,50,0.6920303355337865,50,34.052949,,,,,,,,,
python,skopt_gp,bbob_f018,2,75,50,4.749471596370029,50,43.04802,,,,,,,,,
python,skopt_gp,bbob_f018,2,76,50,6.299350548626023,50,48.443085,,,,,,,,,
python,skopt_gp,bbob_f018,2,78,50,0.4490943858029084,50,28.461794,,,,,,,,,
python,skopt_gp,bbob_f020,2,73,50,2.7897588439522565,50,48.886062,,,,,,,,,
python,skopt_gp,bbob_f020,2,75,50,1.748153331512384,50,49.384084,,,,,,,,,
python,skopt_gp,bbob_f021,2,73,50,1.2475241131787025,50,31.737866,,,,,,,,,
python,skopt_gp,bbob_f021,2,75,50,3.3416728904986,50,20.856853,,,,,,,,,
python,skopt_gp,bbob_f021,2,76,50,2.044971816019114,50,30.945865,,,,,,,,,
python,skopt_gp,bbob_f021,2,1,50,0.1614878881166817,50,33.954939,,,,,,,,,
python,skopt_gp,bbob_f021,2,2,50,1.7065418005096311,50,32.011034,,,,,,,,,
python,skopt_gp,bbob_f021,2,4,50,0.0035765707672652,50,25.741522,,37.0,46.0,,,,,,
python,skopt_gp,bbob_f020,2,4,50,1.4975505401532985,50,48.051334,,,,,,,,,
python,skopt_gp,bbob_f020,2,5,50,4.780807135424899,50,41.196653,,,,,,,,,
python,skopt_gp,bbob_f020,2,72,50,2.915720236801917,50,29.996297,,,,,,,,,
python,skopt_gp,bbob_f022,2,79,50,0.6923502303125133,50,39.68409,,,,,,,,,
python,skopt_gp,bbob_f023,2,1,50,2.1807972828392552,50,23.088363,,,,,,,,,
python,skopt_gp,bbob_f020,2,76,50,3.0018375389913814,50,30.937295,,,,,,,,,
python,skopt_gp,bbob_f020,2,78,50,2.491108597517453,50,32.696021,,,,,,,,,
python,skopt_gp,bbob_f020,2,79,50,1.5115423352657444,50,41.048068,,,,,,,,,
python,skopt_gp,bbob_f021,2,78,50,0.0001081570605592,50,28.45926,,22.0,27.0,34.0,,,,,
python,skopt_gp,bbob_f021,2,79,50,0.5038798543150698,50,27.924109,,,,,,,,,
python,skopt_gp,bbob_f022,2,1,50,2.02444515842717,50,31.784508,,,,,,,,,
python,skopt_gp,bbob_f023,2,76,50,5.251790236105933,50,29.847273,,,,,,,,,
python,skopt_gp,bbob_f023,2,78,50,3.900668237550917,50,23.309347,,,,,,,,,
python,skopt_gp,bbob_f022,2,75,50,0.5525219439319322,50,33.062732,,,,,,,,,
python,skopt_gp,bbob_f022,2,76,50,5.513377410225996,50,26.848853,,,,,,,,,
python,skopt_gp,bbob_f022,2,78,50,2.186475545680665,50,28.985018,,,,,,,,,
python,skopt_gp,bbob_f023,2,2,50,7.381914660279605,50,19.546388,,,,,,,,,
python,skopt_gp,bbob_f023,2,4,50,3.821989409892837,50,24.890062,,,,,,,,,
python,skopt_gp,bbob_f023,2,5,50,4.879300841749405,50,22.782428,,,,,,,,,
python,skopt_gp,bbob_f023,2,72,50,3.02252386947589,50,21.945006,,,,,,,,,
python,skopt_gp,bbob_f023,2,73,50,0.8357463776834493,50,28.243586,,,,,,,,,
python,skopt_gp,bbob_f023,2,75,50,4.945951115422815,50,19.667522,,,,,,,,,
python,skopt_gp,bbob_f024,2,73,50,4.024246068862055,50,22.512348,,,,,,,,,
python,skopt_gp,bbob_f024,2,75,50,5.552854107374856,50,27.927842,,,,,,,,,
python,skopt_gp,bbob_f022,2,5,50,6.272154886049783,50,27.558295,,,,,,,,,
python,skopt_gp,bbob_f022,2,72,50,0.7654995314182713,50,30.127286,,,,,,,,,
python,skopt_gp,bbob_f022,2,73,50,0.0018058440067818,50,37.519499,,34.0,42.0,,,,,,
python,skopt_gp,bbob_f019,2,79,50,0.0087523503346389,50,23.494106,,19.0,19.0,,,,,,
python,skopt_gp,bbob_f020,2,1,50,3.2159191423687616,50,60.669783,,,,,,,,,
python,skopt_gp,bbob_f020,2,2,50,2.417793922066494,50,51.091437,,,,,,,,,
python,skopt_gp,bbob_f023,2,79,50,0.3030772090620246,50,29.943949,,,,,,,,,
python,skopt_gp,bbob_f024,2,1,50,10.41214166237124,50,21.684746,,,,,,,,,
python,skopt_gp,bbob_f024,2,2,50,4.362178872093452,50,23.120482,,,,,,,,,
python,skopt_gp,bbob_f024,2,4,50,4.935574006356433,50,29.163075,,,,,,,,,
python,skopt_gp,bbob_f024,2,5,50,4.54224322655287,50,25.069331,,,,,,,,,
python,skopt_gp,bbob_f024,2,72,50,9.181905610075606,50,21.037716,,,,,,,,,
python,skopt_gp,bbob_f024,2,76,50,4.918200244978834,50,25.301196,,,,,,,,,
python,skopt_gp,bbob_f024,2,78,50,4.776199684341684,50,27.141345,,,,,,,,,
python,skopt_gp,bbob_f024,2,79,50,5.731371475663195,50,27.994966,,,,,,,,,
python,skopt_gp,bbob_f005,5,5,125,0.0,125,109.145462,,11.0,11.0,11.0,11.0,11.0,11.0,11.0,11.0
python,skopt_gp,bbob_f005,5,72,125,0.0,125,125.105634,,11.0,11.0,11.0,11.0,11.0,11.0,11.0,11.0
python,skopt_gp,bbob_f005,5,73,125,0.0,125,116.363573,,11.0,11.0,11.0,11.0,11.0,11.0,11.0,11.0
python,skopt_gp,bbob_f005,5,75,125,0.0,125,123.765838,,11.0,11.0,11.0,11.0,11.0,11.0,11.0,11.0
python,skopt_gp,bbob_f005,5,76,125,0.0,125,115.622709,,11.0,11.0,11.0,11.0,11.0,11.0,11.0,11.0
python,skopt_gp,bbob_f003,5,76,125,27.702520766218758,125,186.826701,,,,,,,,,
python,skopt_gp,bbob_f003,5,78,125,33.293599427806754,125,184.370439,,,,,,,,,
python,skopt_gp,bbob_f005,5,1,125,0.0,125,126.774456,,11.0,11.0,11.0,11.0,11.0,11.0,11.0,11.0
python,skopt_gp,bbob_f005,5,2,125,0.0,125,123.333108,,13.0,13.0,13.0,13.0,13.0,13.0,13.0,13.0
python,skopt_gp,bbob_f005,5,4,125,0.0,125,141.034818,,12.0,12.0,12.0,12.0,12.0,12.0,12.0,12.0
python,skopt_gp,bbob_f001,5,5,125,0.0002606843385777,125,215.360312,,28.0,59.0,93.0,,,,,
python,skopt_gp,bbob_f001,5,72,125,0.0002654577245095,125,211.143778,,35.0,41.0,60.0,,,,,
python,skopt_gp,bbob_f002,5,79,125,5871.754841032285,125,211.293056,,,,,,,,,
python,skopt_gp,bbob_f003,5,1,125,22.945487525006,125,199.790983,,,,,,,,,
python,skopt_gp,bbob_f002,5,2,125,58.39527373081751,125,250.58668,,,,,,,,,
python,skopt_gp,bbob_f002,5,4,125,1883.3397293045032,125,213.72026,,,,,,,,,
python,skopt_gp,bbob_f004,5,73,125,79.74551236148534,125,240.842328,,,,,,,,,
python,skopt_gp,bbob_f004,5,75,125,53.85742800731199,125,201.996816,,,,,,,,,
python,skopt_gp,bbob_f006,5,2,125,120.34735273013624,125,186.461825,,,,,,,,,
python,skopt_gp,bbob_f006,5,4,125,8.905705012880617,125,248.585985,,,,,,,,,
python,skopt_gp,bbob_f005,5,78,125,0.0,125,126.519795,,11.0,11.0,11.0,11.0,11.0,11.0,11.0,11.0
python,skopt_gp,bbob_f005,5,79,125,0.0,125,124.59152,,12.0,12.0,12.0,12.0,12.0,12.0,12.0,12.0
python,skopt_gp,bbob_f006,5,1,125,235.3152203638417,125,241.436674,,,,,,,,,
python,skopt_gp,bbob_f001,5,73,125,0.0002684200449039,125,187.591695,,37.0,51.0,67.0,,,,,
python,skopt_gp,bbob_f001,5,75,125,0.0002447131140499,125,222.061784,,37.0,40.0,83.0,,,,,
python,skopt_gp,bbob_f001,5,76,125,2.915251871726809e-05,125,174.162269,,51.0,52.0,57.0,112.0,,,,
python,skopt_gp,bbob_f003,5,72,125,40.66493045975833,125,203.520329,,,,,,,,,
python,skopt_gp,bbob_f003,5,73,125,26.51863822574785,125,195.132711,,,,,,,,,
python,skopt_gp,bbob_f003,5,75,125,27.25137143433591,125,211.062134,,,,,,,,,
python,skopt_gp,bbob_f001,5,78,125,0.0001918761926731,125,199.222247,,43.0,46.0,58.0,,,,,
python,skopt_gp,bbob_f001,5,79,125,0.0005224102145575,125,202.267975,,35.0,44.0,86.0,,,,,
python,skopt_gp,bbob_f002,5,1,125,235298.4377481161,125,234.417158,,,,,,,,,
python,skopt_gp,bbob_f001,5,1,125,0.0002463806220873,125,192.10465,,38.0,44.0,66.0,,,,,
python,skopt_gp,bbob_f001,5,2,125,0.0003439297177578,125,220.801937,,48.0,56.0,62.0,,,,,
python,skopt_gp,bbob_f001,5,4,125,0.0001251638781809,125,237.376893,,26.0,47.0,55.0,,,,,
python,skopt_gp,bbob_f004,5,4,125,21.99597818527385,125,226.436885,,,,,,,,,
python,skopt_gp,bbob_f004,5,5,125,43.3867289329668,125,188.668888,,,,,,,,,
python,skopt_gp,bbob_f004,5,72,125,54.05227463655789,125,204.296638,,,,,,,,,
python,skopt_gp,bbob_f003,5,79,125,60.59915527234452,125,222.120628,,,,,,,,,
python,skopt_gp,bbob_f004,5,1,125,49.92088267409156,125,209.770208,,,,,,,,,
python,skopt_gp,bbob_f004,5,2,125,36.7259841364169,125,214.435553,,,,,,,,,
python,skopt_gp,bbob_f003,5,2,125,42.70066065252561,125,246.665878,,,,,,,,,
python,skopt_gp,bbob_f003,5,4,125,22.784622698125105,125,202.044236,,,,,,,,,
python,skopt_gp,bbob_f003,5,5,125,71.70818315864489,125,222.770474,,,,,,,,,
python,skopt_gp,bbob_f002,5,75,125,1244.940244682669,125,251.245828,,,,,,,,,
python,skopt_gp,bbob_f002,5,76,125,1173.979891090204,125,226.254548,,,,,,,,,
python,skopt_gp,bbob_f002,5,78,125,2443.072888671577,125,216.327544,,,,,,,,,
python,skopt_gp,bbob_f004,5,76,125,35.489049583367205,125,259.460687,,,,,,,,,
python,skopt_gp,bbob_f004,5,78,125,42.30098633162012,125,225.426193,,,,,,,,,
python,skopt_gp,bbob_f004,5,79,125,80.08870183001056,125,202.376607,,,,,,,,,
python,skopt_gp,bbob_f002,5,5,125,23.170267366146614,125,248.502464,,,,,,,,,
python,skopt_gp,bbob_f002,5,72,125,43192.4019577332,125,241.865904,,,,,,,,,
python,skopt_gp,bbob_f002,5,73,125,8554.638008962373,125,229.309206,,,,,,,,,
python,skopt_gp,bbob_f007,5,76,125,0.8573998308441375,125,239.408398,,,,,,,,,
python,skopt_gp,bbob_f007,5,78,125,7.078518889339911,125,183.312075,,,,,,,,,
python,skopt_gp,bbob_f006,5,79,125,12.506642666790754,125,229.502245,,,,,,,,,
python,skopt_gp,bbob_f007,5,1,125,0.4421128065502131,125,237.789227,,,,,,,,,
python,skopt_gp,bbob_f006,5,5,125,36.67647636383185,125,207.401667,,,,,,,,,
python,skopt_gp,bbob_f006,5,72,125,39.85825342758408,125,181.346305,,,,,,,,,
python,skopt_gp,bbob_f006,5,73,125,88.98364340770246,125,240.735409,,,,,,,,,
python,skopt_gp,bbob_f006,5,75,125,71.44064839485415,125,185.026723,,,,,,,,,
python,skopt_gp,bbob_f006,5,76,125,23.753060705799896,125,173.819242,,,,,,,,,
python,skopt_gp,bbob_f006,5,78,125,83.78389671710435,125,181.824442,,,,,,,,,
python,skopt_gp,bbob_f009,5,5,125,306.97079392010494,125,171.171231,,,,,,,,,
python,skopt_gp,bbob_f009,5,72,125,81.24451598258058,125,176.463482,,,,,,,,,
python,skopt_gp,bbob_f008,5,73,125,75.57697659763156,125,223.766915,,,,,,,,,
python,skopt_gp,bbob_f008,5,75,125,26.237727164654608,125,230.454908,,,,,,,,,
python,skopt_gp,bbob_f007,5,2,125,3.441435571140154,125,216.061512,,,,,,,,,
python,skopt_gp,bbob_f007,5,4,125,0.531968029818259,125,219.4551,,,,,,,,,
python,skopt_gp,bbob_f007,5,5,125,14.947860676444732,125,155.879588,,,,,,,,,
python,skopt_gp,bbob_f007,5,72,125,9.85101918745309,125,239.186358,,,,,,,,,
python,skopt_gp,bbob_f007,5,73,125,4.295968035526187,125,195.731844,,,,,,,,,
python,skopt_gp,bbob_f007,5,75,125,3.113532136024844,125,170.749117,,,,,,,,,
python,skopt_gp,bbob_f010,5,2,125,1370.2793077520828,125,228.201553,,,,,,,,,
python,skopt_gp,bbob_f010,5,4,125,524.3328096617674,125,205.122844,,,,,,,,,
python,skopt_gp,bbob_f008,5,4,125,65.81603324078723,125,201.388365,,,,,,,,,
python,skopt_gp,bbob_f008,5,5,125,217.69469334749888,125,202.343458,,,,,,,,,
python,skopt_gp,bbob_f008,5,72,125,8.878710319656221,125,201.113209,,,,,,,,,
python,skopt_gp,bbob_f010,5,79,125,1070.4158642647026,125,242.911002,,,,,,,,,
python,skopt_gp,bbob_f011,5,1,125,39.37977337959244,125,171.4941,,,,,,,,,
python,skopt_gp,bbob_f007,5,79,125,7.6031646912440465,125,184.083529,,,,,,,,,
python,skopt_gp,bbob_f008,5,1,125,142.54170489017503,125,259.518385,,,,,,,,,
python,skopt_gp,bbob_f008,5,2,125,162.578011096232,125,217.883747,,,,,,,,,
python,skopt_gp,bbob_f008,5,76,125,118.66492684705418,125,233.691343,,,,,,,,,
python,skopt_gp,bbob_f008,5,78,125,165.21082683522013,125,182.251481,,,,,,,,,
python,skopt_gp,bbob_f008,5,79,125,7.966657496934971,125,208.751507,,,,,,,,,
python,skopt_gp,bbob_f009,5,1,125,235.4530578878738,125,210.805461,,,,,,,,,
python,skopt_gp,bbob_f009,5,2,125,7.147844066146469,125,216.592364,,,,,,,,,
python,skopt_gp,bbob_f009,5,4,125,70.17876351663035,125,202.607763,,,,,,,,,
python,skopt_gp,bbob_f009,5,73,125,57.20043194294749,125,220.215093,,,,,,,,,
python,skopt_gp,bbob_f009,5,75,125,16.440905769014023,125,224.541906,,,,,,,,,
python,skopt_gp,bbob_f009,5,76,125,1477.931904023576,125,211.909439,,,,,,,,,
python,skopt_gp,bbob_f009,5,78,125,21.136379112612367,125,222.509791,,,,,,,,,
python,skopt_gp,bbob_f009,5,79,125,241.19460650979696,125,225.746576,,,,,,,,,
python,skopt_gp,bbob_f010,5,1,125,13668.520521322518,125,238.245167,,,,,,,,,
python,skopt_gp,bbob_f011,5,2,125,22.315254010599425,125,202.316802,,,,,,,,,
python,skopt_gp,bbob_f011,5,4,125,80.44926104755928,125,222.421795,,,,,,,,,
python,skopt_gp,bbob_f011,5,5,125,39.73666604150411,125,186.312142,,,,,,,,,
python,skopt_gp,bbob_f011,5,76,125,51.8871544803917,125,210.927301,,,,,,,,,
python,skopt_gp,bbob_f011,5,78,125,33.926952368908225,125,211.202889,,,,,,,,,
python,skopt_gp,bbob_f010,5,75,125,1018.8272129974634,125,195.157979,,,,,,,,,
python,skopt_gp,bbob_f010,5,76,125,193.14449765199743,125,231.352362,,,,,,,,,
python,skopt_gp,bbob_f010,5,78,125,197.92033900671527,125,242.285704,,,,,,,,,
python,skopt_gp,bbob_f012,5,73,125,3771001.023702307,125,192.711405,,,,,,,,,
python,skopt_gp,bbob_f012,5,75,125,125681.05613015848,125,206.181796,,,,,,,,,
python,skopt_gp,bbob_f010,5,5,125,762.4384015805754,125,222.607842,,,,,,,,,
python,skopt_gp,bbob_f010,5,72,125,74295.24903347318,125,245.470414,,,,,,,,,
python,skopt_gp,bbob_f010,5,73,125,250.27302240287548,125,224.254672,,,,,,,,,
python,skopt_gp,bbob_f011,5,72,125,17.237668259672887,125,251.529704,,,,,,,,,
python,skopt_gp,bbob_f011,5,73,125,37.2802114382857,125,181.336662,,,,,,,,,
python,skopt_gp,bbob_f011,5,75,125,46.97316488328528,125,213.987762,,,,,,,,,
python,skopt_gp,bbob_f013,5,5,125,52.6638503391319,125,161.913963,,,,,,,,,
python,skopt_gp,bbob_f013,5,72,125,24.098724549877037,125,182.965485,,,,,,,,,
python,skopt_gp,bbob_f012,5,4,125,5829291.23467078,125,178.351759,,,,,,,,,
python,skopt_gp,bbob_f012,5,5,125,2711.004219139046,125,197.13659,,,,,,,,,
python,skopt_gp,bbob_f012,5,72,125,343031.8135824985,125,202.551574,,,,,,,,,
python,skopt_gp,bbob_f014,5,2,125,0.4346486756865033,125,193.562851,,,,,,,,,
python,skopt_gp,bbob_f014,5,4,125,0.0621984478423485,125,218.980295,,85.0,,,,,,,
python,skopt_gp,bbob_f011,5,79,125,7.399882550592359,125,228.685351,,,,,,,,,
python,skopt_gp,bbob_f012,5,1,125,21333.5437173155,125,204.887555,,,,,,,,,
python,skopt_gp,bbob_f012,5,2,125,1083967.8616344417,125,209.752785,,,,,,,,,
python,skopt_gp,bbob_f013,5,1,125,23.11411440056856,125,175.534571,,,,,,,,,
python,skopt_gp,bbob_f013,5,2,125,26.43690753195472,125,177.816995,,,,,,,,,
python,skopt_gp,bbob_f013,5,4,125,32.56730004873805,125,209.41365,,,,,,,,,
python,skopt_gp,bbob_f012,5,76,125,842196.3286153342,125,196.628647,,,,,,,,,
python,skopt_gp,bbob_f012,5,78,125,746538.5467190682,125,212.908511,,,,,,,,,
python,skopt_gp,bbob_f012,5,79,125,3385602.371560544,125,171.260272,,,,,,,,,
python,skopt_gp,bbob_f013,5,73,125,28.05033138298015,125,185.547022,,,,,,,,,
python,skopt_gp,bbob_f013,5,75,125,53.753674672406106,125,177.327392,,,,,,,,,
python,skopt_gp,bbob_f013,5,76,125,26.33319905999909,125,194.436732,,,,,,,,,
python,skopt_gp,bbob_f014,5,79,125,0.1722795135545602,125,207.257912,,,,,,,,,
python,skopt_gp,bbob_f015,5,1,125,27.816993007808605,125,222.606431,,,,,,,,,
python,skopt_gp,bbob_f013,5,78,125,66.41746599102311,125,172.753493,,,,,,,,,
python,skopt_gp,bbob_f013,5,79,125,51.079112539647525,125,185.82887,,,,,,,,,
python,skopt_gp,bbob_f014,5,1,125,0.0470786813017127,125,188.049813,,70.0,,,,,,,
python,skopt_gp,bbob_f015,5,76,125,42.22883895749359,125,184.662814,,,,,,,,,
python,skopt_gp,bbob_f015,5,78,125,20.02435252046498,125,201.822421,,,,,,,,,
python,skopt_gp,bbob_f014,5,75,125,0.0317758648014887,125,212.899348,,62.0,,,,,,,
python,skopt_gp,bbob_f014,5,76,125,0.1542114882457355,125,182.982317,,,,,,,,,
python,skopt_gp,bbob_f014,5,78,125,0.1592306924968909,125,196.735468,,,,,,,,,
python,skopt_gp,bbob_f017,5,5,125,2.5442919833579936,125,176.380592,,,,,,,,,
python,skopt_gp,bbob_f017,5,72,125,0.9709629972843388,125,190.601142,,,,,,,,,
python,skopt_gp,bbob_f016,5,73,125,7.397369937427015,125,171.857252,,,,,,,,,
python,skopt_gp,bbob_f016,5,75,125,2.517682233739599,125,221.265571,,,,,,,,,
python,skopt_gp,bbob_f015,5,2,125,36.39496555398517,125,194.583548,,,,,,,,,
python,skopt_gp,bbob_f015,5,4,125,31.07011228057512,125,193.663643,,,,,,,,,
python,skopt_gp,bbob_f015,5,5,125,32.834897131591035,125,177.850204,,,,,,,,,
python,skopt_gp,bbob_f014,5,5,125,0.1187925970138152,125,209.528617,,,,,,,,,
python,skopt_gp,bbob_f014,5,72,125,0.0326587860045819,125,216.375107,,86.0,,,,,,,
python,skopt_gp,bbob_f014,5,73,125,0.1253518948498708,125,236.067957,,,,,,,,,
python,skopt_gp,bbob_f015,5,72,125,19.587348359021064,125,208.515365,,,,,,,,,
python,skopt_gp,bbob_f015,5,73,125,19.67514388899519,125,192.660512,,,,,,,,,
python,skopt_gp,bbob_f015,5,75,125,25.375006999604597,125,190.597291,,,,,,,,,
python,skopt_gp,bbob_f018,5,2,125,4.56766504328678,125,178.58485,,,,,,,,,
python,skopt_gp,bbob_f018,5,4,125,6.633252769817716,125,174.355745,,,,,,,,,
python,skopt_gp,bbob_f017,5,1,125,2.1410879001026792,125,184.358348,,,,,,,,,
python,skopt_gp,bbob_f017,5,2,125,2.183514501503602,125,170.792744,,,,,,,,,
python,skopt_gp,bbob_f017,5,4,125,1.4316097838825144,125,184.757934,,,,,,,,,
python,skopt_gp,bbob_f016,5,4,125,12.5723151898178,125,207.415111,,,,,,,,,
python,skopt_gp,bbob_f016,5,5,125,12.52397760943296,125,201.155629,,,,,,,,,
python,skopt_gp,bbob_f016,5,72,125,9.595545087594816,125,189.493529,,,,,,,,,
python,skopt_gp,bbob_f017,5,73,125,3.4578844703410567,125,190.968025,,,,,,,,,
python,skopt_gp,bbob_f017,5,75,125,1.2040166872940858,125,178.998719,,,,,,,,,
python,skopt_gp,bbob_f017,5,76,125,0.5263768825939295,125,187.307459,,,,,,,,,
python,skopt_gp,bbob_f015,5,79,125,22.531823610228457,125,173.650903,,,,,,,,,
python,skopt_gp,bbob_f016,5,1,125,5.790000535160601,125,237.484368,,,,,,,,,
python,skopt_gp,bbob_f016,5,2,125,3.950924259758949,125,249.283762,,,,,,,,,
python,skopt_gp,bbob_f018,5,79,125,22.64412802426193,125,200.676353,,,,,,,,,
python,skopt_gp,bbob_f019,5,1,125,3.0632902973771223,125,194.261422,,,,,,,,,
python,skopt_gp,bbob_f016,5,76,125,5.012476970791028,125,222.371032,,,,,,,,,
python,skopt_gp,bbob_f016,5,78,125,8.742167810504483,125,202.23344,,,,,,,,,
python,skopt_gp,bbob_f016,5,79,125,3.849658676659928,125,215.598282,,,,,,,,,
python,skopt_gp,bbob_f019,5,76,125,0.8469682480802021,125,172.458395,,,,,,,,,
python,skopt_gp,bbob_f019,5,78,125,3.073540787917409,125,194.718392,,,,,,,,,
python,skopt_gp,bbob_f018,5,75,125,2.4724947592072795,125,172.556197,,,,,,,,,
python,skopt_gp,bbob_f018,5,76,125,6.023525819693042,125,149.016331,,,,,,,,,
python,skopt_gp,bbob_f018,5,78,125,6.59466627950404,125,164.26862,,,,,,,,,
python,skopt_gp,bbob_f018,5,5,125,9.285529833075143,125,175.53077,,,,,,,,,
python,skopt_gp,bbob_f018,5,72,125,2.1291920216195663,125,185.956468,,,,,,,,,
python,skopt_gp,bbob_f018,5,73,125,7.393420783087777,125,185.773764,,,,,,,,,
python,skopt_gp,bbob_f017,5,78,125,1.768704762366312,125,231.115417,,,,,,,,,
python,skopt_gp,bbob_f017,5,79,125,3.0940352767562445,125,189.400003,,,,,,,,,
python,skopt_gp,bbob_f018,5,1,125,5.262849292350541,125,194.687912,,,,,,,,,
python,skopt_gp,bbob_f020,5,73,125,5.169008739441807,125,161.91126,,,,,,,,,
python,skopt_gp,bbob_f020,5,75,125,3.808070005652869,125,225.460801,,,,,,,,,
python,skopt_gp,bbob_f021,5,5,125,4.265075224877705,125,175.179126,,,,,,,,,
python,skopt_gp,bbob_f021,5,72,125,2.032103940586186,125,189.403507,,,,,,,,,
python,skopt_gp,bbob_f019,5,2,125,2.8529242219897384,125,184.519697,,,,,,,,,
python,skopt_gp,bbob_f019,5,4,125,3.6671610067822016,125,224.824298,,,,,,,,,
python,skopt_gp,bbob_f019,5,5,125,2.738489448363225,125,186.38366,,,,,,,,,
python,skopt_gp,bbob_f019,5,72,125,2.5390162991560032,125,207.257705,,,,,,,,,
python,skopt_gp,bbob_f019,5,73,125,1.823764605426888,125,187.727786,,,,,,,,,
python,skopt_gp,bbob_f019,5,75,125,3.046242374731378,125,196.825679,,,,,,,,,
python,skopt_gp,bbob_f022,5,2,125,2.00839947638076,125,193.280474,,,,,,,,,
python,skopt_gp,bbob_f022,5,4,125,16.890631930390157,125,172.187634,,,,,,,,,
python,skopt_gp,bbob_f019,5,79,125,3.683422017009317,125,177.303085,,,,,,,,,
python,skopt_gp,bbob_f020,5,1,125,2.9033318451192827,125,214.716681,,,,,,,,,
python,skopt_gp,bbob_f020,5,2,125,2.5609551933080184,125,198.757313,,,,,,,,,
python,skopt_gp,bbob_f020,5,76,125,3.8500738651586808,125,206.58261,,,,,,,,,
python,skopt_gp,bbob_f020,5,78,125,2.3442132327571983,125,204.494685,,,,,,,,,
python,skopt_gp,bbob_f020,5,79,125,2.3977447402984358,125,163.089671,,,,,,,,,
python,skopt_gp,bbob_f021,5,1,125,1.986295371295455,125,189.344226,,,,,,,,,
python,skopt_gp,bbob_f021,5,2,125,2.166561305510359,125,188.39192,,,,,,,,,
python,skopt_gp,bbob_f021,5,4,125,2.0386949593416936,125,184.594294,,,,,,,,,
python,skopt_gp,bbob_f020,5,4,125,1.1584776243639112,125,213.311844,,,,,,,,,
python,skopt_gp,bbob_f020,5,5,125,3.59338618279472,125,246.700919,,,,,,,,,
python,skopt_gp,bbob_f020,5,72,125,15.748724355463082,125,169.062107,,,,,,,,,
python,skopt_gp,bbob_f022,5,79,125,2.0753694373942158,125,204.883423,,,,,,,,,
python,skopt_gp,bbob_f023,5,1,125,2.838228266741546,125,161.397917,,,,,,,,,
python,skopt_gp,bbob_f021,5,73,125,1.9893663011239544,125,167.295045,,,,,,,,,
python,skopt_gp,bbob_f021,5,75,125,3.1792083614532203,125,186.33031,,,,,,,,,
python,skopt_gp,bbob_f021,5,76,125,6.243472759736818,125,152.410686,,,,,,,,,
python,skopt_gp,bbob_f024,5,73,125,27.718370047655892,125,174.605639,,,,,,,,,
python,skopt_gp,bbob_f024,5,75,125,25.520760899195693,125,122.478566,,,,,,,,,
python,skopt_gp,bbob_f022,5,5,125,8.754888677882626,125,180.288288,,,,,,,,,
python,skopt_gp,bbob_f022,5,72,125,2.070031994723479,125,171.119119,,,,,,,,,
python,skopt_gp,bbob_f022,5,73,125,3.734916781151412,125,132.192475,,,,,,,,,
python,skopt_gp,bbob_f023,5,76,125,2.2965478181485537,125,200.617573,,,,,,,,,
python,skopt_gp,bbob_f023,5,78,125,4.784293115514799,125,149.148922,,,,,,,,,
python,skopt_gp,bbob_f021,5,78,125,0.0070360517184404,125,171.602723,,35.0,56.0,,,,,,
python,skopt_gp,bbob_f021,5,79,125,4.871207481845232,125,173.257729,,,,,,,,,
python,skopt_gp,bbob_f022,5,1,125,2.3396150346829927,125,163.772107,,,,,,,,,
python,skopt_gp,bbob_f022,5,75,125,0.2370587090849056,125,189.652325,,,,,,,,,
python,skopt_gp,bbob_f022,5,76,125,0.740032893557725,125,165.606296,,,,,,,,,
python,skopt_gp,bbob_f022,5,78,125,1.9680001307469157,125,119.184239,,,,,,,,,
python,skopt_gp,bbob_f023,5,72,125,2.982315287640631,125,178.833169,,,,,,,,,
python,skopt_gp,bbob_f023,5,73,125,2.6531364023989,125,181.733535,,,,,,,,,
python,skopt_gp,bbob_f023,5,75,125,4.028210891273545,125,121.596348,,,,,,,,,
python,skopt_gp,bbob_f023,5,79,125,2.733315001177409,125,208.056919,,,,,,,,,
python,skopt_gp,bbob_f024,5,1,125,31.304269840081176,125,156.816258,,,,,,,,,
python,skopt_gp,bbob_f024,5,2,125,18.979912658815167,125,108.116112,,,,,,,,,
python,skopt_gp,bbob_f024,5,4,125,26.483299788452825,125,182.674475,,,,,,,,,
python,skopt_gp,bbob_f024,5,5,125,12.656572227300188,125,137.432648,,,,,,,,,
python,skopt_gp,bbob_f024,5,72,125,25.154167888335667,125,113.21108,,,,,,,,,
python,skopt_gp,bbob_f023,5,2,125,5.485170780070403,125,177.484425,,,,,,,,,
python,skopt_gp,bbob_f023,5,4,125,3.644874436796613,125,256.074048,,,,,,,,,
python,skopt_gp,bbob_f023,5,5,125,3.2215813764697003,125,155.798875,,,,,,,,,
python,skopt_gp,bbob_f024,5,76,125,14.844483476627374,125,192.936389,,,,,,,,,
python,skopt_gp,bbob_f024,5,78,125,17.48462440926521,125,127.932269,,,,,,,,,
python,skopt_gp,bbob_f024,5,79,125,12.14409251091024,125,107.788536,,,,,,,,,
python,skopt_gp,bbob_f005,2,74,50,0.0,50,23.896834,,7.0,7.0,7.0,7.0,7.0,7.0,7.0,7.0
python,skopt_gp,bbob_f005,2,77,50,0.0,50,16.899982,,7.0,7.0,7.0,7.0,7.0,7.0,7.0,7.0
python,skopt_gp,bbob_f005,2,3,50,0.0,50,25.927909,,7.0,7.0,7.0,7.0,7.0,7.0,7.0,7.0
python,skopt_gp,bbob_f005,2,71,50,0.0,50,16.499728,,7.0,7.0,7.0,7.0,7.0,7.0,7.0,7.0
python,skopt_gp,bbob_f003,2,74,50,5.082045523481128,50,29.239782,,,,,,,,,
python,skopt_gp,bbob_f003,2,77,50,5.450632059508877,50,21.11431,,,,,,,,,
python,skopt_gp,bbob_f003,2,80,50,7.431563939469896,50,30.275617,,,,,,,,,
python,skopt_gp,bbob_f004,2,3,50,29.149554364856016,50,27.567016,,,,,,,,,
python,skopt_gp,bbob_f003,2,3,50,8.802222322847598,50,32.85022,,,,,,,,,
python,skopt_gp,bbob_f003,2,71,50,2.040038536394185,50,25.167528,,,,,,,,,
python,skopt_gp,bbob_f004,2,77,50,2.0022747896093165,50,34.442469,,,,,,,,,
python,skopt_gp,bbob_f004,2,80,50,5.641340724477551,50,25.256821,,,,,,,,,
python,skopt_gp,bbob_f004,2,71,50,5.015780295298413,50,31.313332,,,,,,,,,
python,skopt_gp,bbob_f004,2,74,50,4.977148719656622,50,29.299661,,,,,,,,,
python,skopt_gp,bbob_f005,2,80,50,0.0,50,24.039912,,6.0,6.0,6.0,6.0,6.0,6.0,6.0,6.0
python,skopt_gp,bbob_f006,2,3,50,5.7966666570829375,50,37.047684,,,,,,,,,
python,skopt_gp,bbob_f001,2,3,50,4.115926742542797e-06,50,41.803149,,8.0,11.0,11.0,18.0,47.0,,,
python,skopt_gp,bbob_f001,2,71,50,2.8933444468748348e-05,50,29.070592,,9.0,10.0,17.0,35.0,,,,
python,skopt_gp,bbob_f001,2,74,50,4.849831725550757e-06,50,44.527858,,9.0,11.0,11.0,11.0,11.0,,,
python,skopt_gp,bbob_f001,2,77,50,3.029220198413896e-05,50,32.462781,,19.0,19.0,22.0,23.0,,,,
python,skopt_gp,bbob_f002,2,71,50,71.27273634960571,50,38.952043,,,,,,,,,
python,skopt_gp,bbob_f002,2,74,50,9.5428198738349,50,39.596714,,,,,,,,,
python,skopt_gp,bbob_f006,2,71,50,1.688598615031239,50,43.696381,,,,,,,,,
python,skopt_gp,bbob_f006,2,74,50,21.584336424947537,50,37.797814,,,,,,,,,
python,skopt_gp,bbob_f002,2,77,50,47.52647742411165,50,42.830057,,,,,,,,,
python,skopt_gp,bbob_f002,2,80,50,63.1771449882599,50,43.398509,,,,,,,,,
python,skopt_gp,bbob_f001,2,80,50,9.758818393379445e-07,50,43.777975,,14.0,15.0,15.0,23.0,31.0,38.0,,
python,skopt_gp,bbob_f002,2,3,50,21.922509077596786,50,44.632721,,,,,,,,,
python,skopt_gp,bbob_f006,2,77,50,42.55129572964347,50,28.345449,,,,,,,,,
python,skopt_gp,bbob_f006,2,80,50,5.9539853869262345,50,24.711513,,,,,,,,,
python,skopt_gp,bbob_f007,2,74,50,2.177601675381382,50,29.755816,,,,,,,,,
python,skopt_gp,bbob_f007,2,77,50,0.1233913865215292,50,29.621938,,,,,,,,,
python,skopt_gp,bbob_f007,2,3,50,3.849815679579649e-07,50,35.737289,,25.0,47.0,47.0,47.0,47.0,47.0,,
python,skopt_gp,bbob_f007,2,71,50,15.57628643470116,50,36.226785,,,,,,,,,
python,skopt_gp,bbob_f008,2,71,50,0.1090272018988427,50,31.351143,,,,,,,,,
python,skopt_gp,bbob_f008,2,74,50,0.1124898121361095,50,28.912096,,,,,,,,,
python,skopt_gp,bbob_f009,2,3,50,5.055806973925975,50,38.586075,,,,,,,,,
python,skopt_gp,bbob_f009,2,71,50,2.164033393801219,50,25.00041,,,,,,,,,
python,skopt_gp,bbob_f007,2,80,50,29.085121378800977,50,31.123445,,,,,,,,,
python,skopt_gp,bbob_f008,2,3,50,8.662338547702092,50,39.826785,,,,,,,,,
python,skopt_gp,bbob_f009,2,74,50,10.331324944296028,50,42.02244,,,,,,,,,
python,skopt_gp,bbob_f009,2,77,50,2.38660949932121,50,28.783805,,,,,,,,,
python,skopt_gp,bbob_f008,2,77,50,1.742360922273292,50,29.402395,,,,,,,,,
python,skopt_gp,bbob_f008,2,80,50,0.9607299830043045,50,43.881253,,,,,,,,,
python,skopt_gp,bbob_f010,2,71,50,1.1588974878212923,50,33.139144,,,,,,,,,
python,skopt_gp,bbob_f010,2,74,50,24.439422560862567,50,28.986115,,,,,,,,,
python,skopt_gp,bbob_f009,2,80,50,66.57154640038728,50,40.064525,,,,,,,,,
python,skopt_gp,bbob_f010,2,3,50,76.31048178002243,50,28.863928,,,,,,,,,
python,skopt_gp,bbob_f011,2,3,50,219.35106975642296,50,30.419496,,,,,,,,,
python,skopt_gp,bbob_f011,2,71,50,102.06887660608643,50,28.24759,,,,,,,,,
python,skopt_gp,bbob_f010,2,77,50,1.062655426391455,50,30.807779,,,,,,,,,
python,skopt_gp,bbob_f010,2,80,50,57.30553520996091,50,39.585329,,,,,,,,,
python,skopt_gp,bbob_f011,2,80,50,5.14764305601318,50,31.275273,,,,,,,,,
python,skopt_gp,bbob_f012,2,3,50,134.0905854621392,50,33.72236,,,,,,,,,
python,skopt_gp,bbob_f013,2,3,50,0.7318866697678459,50,23.102617,,,,,,,,,
python,skopt_gp,bbob_f013,2,71,50,2.1023113003434557,50,23.621618,,,,,,,,,
python,skopt_gp,bbob_f011,2,74,50,33.26965054263647,50,43.665033,,,,,,,,,
python,skopt_gp,bbob_f011,2,77,50,4.154376416087587,50,32.948404,,,,,,,,,
python,skopt_gp,bbob_f012,2,71,50,68.61671071930675,50,38.12899,,,,,,,,,
python,skopt_gp,bbob_f012,2,74,50,85.50597696437447,50,36.35318,,,,,,,,,
python,skopt_gp,bbob_f012,2,77,50,0.4217672269405454,50,40.19142,,,,,,,,,
python,skopt_gp,bbob_f012,2,80,50,6.142723303247195,50,29.956867,,,,,,,,,
python,skopt_gp,bbob_f013,2,74,50,0.8012494053675425,50,27.703679,,,,,,,,,
python,skopt_gp,bbob_f013,2,77,50,0.2207096072034602,50,34.375363,,,,,,,,,
python,skopt_gp,bbob_f015,2,80,50,13.01300020464896,50,22.162475,,,,,,,,,
python,skopt_gp,bbob_f016,2,3,50,0.3128660746677525,50,25.313991,,,,,,,,,
python,skopt_gp,bbob_f016,2,71,50,0.3112478233155684,50,21.831277,,,,,,,,,
python,skopt_gp,bbob_f016,2,74,50,0.2857597563579475,50,25.592351,,,,,,,,,
python,skopt_gp,bbob_f015,2,74,50,7.948554566859343,50,21.777935,,,,,,,,,
python,skopt_gp,bbob_f015,2,77,50,66.2158811166484,50,30.710254,,,,,,,,,
python,skopt_gp,bbob_f015,2,3,50,4.346437292933743,50,35.775001,,,,,,,,,
python,skopt_gp,bbob_f015,2,71,50,5.127542321677197,50,26.846452,,,,,,,,,
python,skopt_gp,bbob_f014,2,71,50,0.0014635571334835,50,32.206387,,30.0,30.0,,,,,,
python,skopt_gp,bbob_f014,2,74,50,0.0333842111816142,50,36.363823,,24.0,,,,,,,
python,skopt_gp,bbob_f013,2,80,50,0.723425809917444,50,27.54572,,,,,,,,,
python,skopt_gp,bbob_f014,2,3,50,4.0793026655712765,50,45.428996,,,,,,,,,
python,skopt_gp,bbob_f016,2,77,50,1.368271557543892,50,24.413129,,,,,,,,,
python,skopt_gp,bbob_f016,2,80,50,0.0596665535075544,50,21.333388,,12.0,,,,,,,
python,skopt_gp,bbob_f017,2,3,50,0.087637932992493,50,21.2947,,47.0,,,,,,,
python,skopt_gp,bbob_f017,2,71,50,0.6288274134367953,50,25.29978,,,,,,,,,
python,skopt_gp,bbob_f014,2,77,50,0.0240286361912183,50,29.840749,,23.0,,,,,,,
python,skopt_gp,bbob_f014,2,80,50,0.0007607102497786,50,38.679088,,21.0,45.0,47.0,,,,,
python,skopt_gp,bbob_f017,2,80,50,0.0338937082789385,50,19.588251,,40.0,,,,,,,
python,skopt_gp,bbob_f018,2,3,50,1.3889016284547893,50,21.443125,,,,,,,,,
python,skopt_gp,bbob_f018,2,71,50,0.3638344089027896,50,23.302326,,,,,,,,,
python,skopt_gp,bbob_f018,2,74,50,1.850915273762407,50,20.886282,,,,,,,,,
python,skopt_gp,bbob_f017,2,74,50,1.4938413519374087,50,31.676023,,,,,,,,,
python,skopt_gp,bbob_f017,2,77,50,1.3277924397972356,50,25.392392,,,,,,,,,
python,skopt_gp,bbob_f018,2,77,50,2.832471659337841,50,24.319943,,,,,,,,,
python,skopt_gp,bbob_f018,2,80,50,1.4116652034065709,50,20.869956,,,,,,,,,
python,skopt_gp,bbob_f019,2,3,50,0.1401231880373643,50,25.204889,,,,,,,,,
python,skopt_gp,bbob_f019,2,71,50,0.1402982455427803,50,20.877499,,,,,,,,,
python,skopt_gp,bbob_f019,2,74,50,0.979830429466233,50,22.077637,,,,,,,,,
python,skopt_gp,bbob_f019,2,77,50,0.1301246577574755,50,22.914887,,,,,,,,,
python,skopt_gp,bbob_f019,2,80,50,0.3148018105029067,50,17.826392,,,,,,,,,
python,skopt_gp,bbob_f020,2,3,50,2.664684453368494,50,28.69452,,,,,,,,,
python,skopt_gp,bbob_f023,2,3,50,2.5377908382147893,50,23.437257,,,,,,,,,
python,skopt_gp,bbob_f023,2,71,50,3.744079847568031,50,15.059347,,,,,,,,,
python,skopt_gp,bbob_f020,2,71,50,3.5246404181429227,50,27.795591,,,,,,,,,
python,skopt_gp,bbob_f020,2,74,50,1.125737866972088,50,25.873137,,,,,,,,,
python,skopt_gp,bbob_f021,2,3,50,1.5603508672248267,50,24.002991,,,,,,,,,
python,skopt_gp,bbob_f021,2,71,50,1.805405024553039,50,24.25204,,,,,,,,,
python,skopt_gp,bbob_f022,2,71,50,6.021027480154089,50,21.563075,,,,,,,,,
python,skopt_gp,bbob_f022,2,74,50,0.4557109291640859,50,24.284699,,,,,,,,,
python,skopt_gp,bbob_f020,2,77,50,2.3835824768135296,50,29.927824,,,,,,,,,
python,skopt_gp,bbob_f020,2,80,50,0.8001773253542979,50,21.907136,,,,,,,,,
python,skopt_gp,bbob_f021,2,80,50,1.4495044153780974,50,24.756388,,,,,,,,,
python,skopt_gp,bbob_f022,2,3,50,5.063000667059761,50,24.613881,,,,,,,,,
python,skopt_gp,bbob_f021,2,74,50,1.9640796490464252,50,23.312524,,,,,,,,,
python,skopt_gp,bbob_f021,2,77,50,0.692514703962452,50,28.60105,,,,,,,,,
python,skopt_gp,bbob_f023,2,74,50,3.999412288319604,50,19.613696,,,,,,,,,
python,skopt_gp,bbob_f023,2,77,50,8.262303822519975,50,15.623934,,,,,,,,,
python,skopt_gp,bbob_f022,2,77,50,0.7039365197780398,50,30.236442,,,,,,,,,
python,skopt_gp,bbob_f022,2,80,50,2.0873939765933187,50,26.39063,,,,,,,,,
python,skopt_gp,bbob_f023,2,80,50,4.9775475145525405,50,20.154713,,,,,,,,,
python,skopt_gp,bbob_f024,2,3,50,2.502490586350188,50,17.177577,,,,,,,,,
python,skopt_gp,bbob_f024,2,71,50,8.636921389150885,50,18.047309,,,,,,,,,
python,skopt_gp,bbob_f024,2,74,50,6.483108739252231,50,21.932235,,,,,,,,,
python,skopt_gp,bbob_f024,2,77,50,4.739645326379586,50,21.238199,,,,,,,,,
python,skopt_gp,bbob_f024,2,80,50,5.897299405797838,50,18.49504,,,,,,,,,
python,skopt_gp,bbob_f005,5,3,125,0.0,125,100.359434,,11.0,11.0,11.0,11.0,11.0,11.0,11.0,11.0
python,skopt_gp,bbob_f005,5,71,125,0.0,125,102.822038,,11.0,11.0,11.0,11.0,11.0,11.0,11.0,11.0
python,skopt_gp,bbob_f005,5,74,125,0.0,125,104.328833,,11.0,11.0,11.0,11.0,11.0,11.0,11.0,11.0
python,skopt_gp,bbob_f005,5,77,125,0.0,125,101.326278,,11.0,11.0,11.0,11.0,11.0,11.0,11.0,11.0
python,skopt_gp,bbob_f005,5,80,125,0.0,125,101.846607,,11.0,11.0,11.0,11.0,11.0,11.0,11.0,11.0
python,skopt_gp,bbob_f006,5,3,125,30.09016607580645,125,173.66848,,,,,,,,,
python,skopt_gp,bbob_f003,5,80,125,19.89339590519756,125,145.560889,,,,,,,,,
python,skopt_gp,bbob_f004,5,3,125,71.90568749152658,125,174.024721,,,,,,,,,
python,skopt_gp,bbob_f003,5,3,125,41.93076428101867,125,184.986915,,,,,,,,,
python,skopt_gp,bbob_f003,5,71,125,22.75848228340928,125,154.076815,,,,,,,,,
python,skopt_gp,bbob_f001,5,3,125,5.35121899929436e-05,125,183.663044,,37.0,59.0,63.0,92.0,,,,
python,skopt_gp,bbob_f001,5,71,125,8.083374717671177e-05,125,169.194616,,53.0,57.0,61.0,95.0,,,,
python,skopt_gp,bbob_f004,5,77,125,40.24000481520181,125,168.530272,,,,,,,,,
python,skopt_gp,bbob_f004,5,80,125,43.84589224019787,125,171.724022,,,,,,,,,
python,skopt_gp,bbob_f001,5,74,125,0.0001951282840764,125,177.859335,,28.0,38.0,71.0,,,,,
python,skopt_gp,bbob_f001,5,77,125,0.0003706111245946,125,176.912394,,40.0,42.0,73.0,,,,,
python,skopt_gp,bbob_f003,5,74,125,39.910098611124106,125,172.672326,,,,,,,,,
python,skopt_gp,bbob_f003,5,77,125,29.66097058145516,125,185.115168,,,,,,,,,
python,skopt_gp,bbob_f001,5,80,125,9.387138081251578e-05,125,158.717004,,39.0,44.0,83.0,88.0,,,,
python,skopt_gp,bbob_f002,5,3,125,10009.212764765623,125,203.414967,,,,,,,,,
python,skopt_gp,bbob_f006,5,71,125,124.74194589220392,125,149.999493,,,,,,,,,
python,skopt_gp,bbob_f006,5,74,125,42.2483677693275,125,190.304681,,,,,,,,,
python,skopt_gp,bbob_f004,5,71,125,53.61479889542074,125,191.862712,,,,,,,,,
python,skopt_gp,bbob_f004,5,74,125,57.116747834887406,125,170.804929,,,,,,,,,
python,skopt_gp,bbob_f002,5,71,125,6916.8640408183,125,193.586115,,,,,,,,,
python,skopt_gp,bbob_f002,5,74,125,3042.242255846037,125,191.65574,,,,,,,,,
python,skopt_gp,bbob_f002,5,77,125,789.5730600927067,125,197.816718,,,,,,,,,
python,skopt_gp,bbob_f002,5,80,125,495.7100920073864,125,191.572908,,,,,,,,,
python,skopt_gp,bbob_f006,5,77,125,72.11918201666504,125,133.709006,,,,,,,,,
python,skopt_gp,bbob_f006,5,80,125,42.46845310935333,125,159.563521,,,,,,,,,
python,skopt_gp,bbob_f007,5,3,125,1.6343074245661031,125,193.529423,,,,,,,,,
python,skopt_gp,bbob_f007,5,71,125,0.9909880467542962,125,166.389618,,,,,,,,,
python,skopt_gp,bbob_f007,5,74,125,1.2601533245256746,125,158.357387,,,,,,,,,
python,skopt_gp,bbob_f007,5,77,125,0.1038967589935779,125,201.598557,,,,,,,,,
python,skopt_gp,bbob_f008,5,71,125,150.2600440686536,125,148.95698,,,,,,,,,
python,skopt_gp,bbob_f008,5,74,125,240.5941374642669,125,172.617929,,,,,,,,,
python,skopt_gp,bbob_f009,5,74,125,48.96961717003633,125,153.444579,,,,,,,,,
python,skopt_gp,bbob_f009,5,77,125,8.328721757920363,125,181.972111,,,,,,,,,
python,skopt_gp,bbob_f009,5,3,125,83.90101128829329,125,178.521647,,,,,,,,,
python,skopt_gp,bbob_f009,5,71,125,394.29024558698,125,175.229559,,,,,,,,,
python,skopt_gp,bbob_f011,5,74,125,43.09979673451392,125,149.705684,,,,,,,,,
python,skopt_gp,bbob_f011,5,77,125,21.838864767287816,125,171.056224,,,,,,,,,
python,skopt_gp,bbob_f007,5,80,125,15.188673331786616,125,165.230814,,,,,,,,,
python,skopt_gp,bbob_f008,5,3,125,21.238954785634448,125,220.249143,,,,,,,,,
python,skopt_gp,bbob_f010,5,71,125,1541.9249392381962,125,181.594949,,,,,,,,,
python,skopt_gp,bbob_f010,5,74,125,2630.0084689168416,125,167.644459,,,,,,,,,
python,skopt_gp,bbob_f008,5,77,125,324.26725822385384,125,200.29307,,,,,,,,,
python,skopt_gp,bbob_f008,5,80,125,208.29211509724087,125,182.805181,,,,,,,,,
python,skopt_gp,bbob_f011,5,3,125,20.4492881916275,125,168.328041,,,,,,,,,
python,skopt_gp,bbob_f011,5,71,125,69.60531296426464,125,193.588952,,,,,,,,,
python,skopt_gp,bbob_f009,5,80,125,228.89525889229316,125,154.563698,,,,,,,,,
python,skopt_gp,bbob_f010,5,3,125,5391.309378321681,125,227.197024,,,,,,,,,
python,skopt_gp,bbob_f011,5,80,125,46.05736430584119,125,189.732673,,,,,,,,,
python,skopt_gp,bbob_f012,5,3,125,1890630.148803933,125,187.488476,,,,,,,,,
python,skopt_gp,bbob_f010,5,77,125,2415.5090129348114,125,187.111622,,,,,,,,,
python,skopt_gp,bbob_f010,5,80,125,4272.608875071854,125,213.213296,,,,,,,,,
python,skopt_gp,bbob_f012,5,71,125,31276.771518968493,125,160.692367,,,,,,,,,
python,skopt_gp,bbob_f012,5,74,125,91993.21603015425,125,176.46278,,,,,,,,,
python,skopt_gp,bbob_f012,5,77,125,5868.819248291807,125,170.248731,,,,,,,,,
python,skopt_gp,bbob_f012,5,80,125,753.596049817673,125,172.570945,,,,,,,,,
python,skopt_gp,bbob_f013,5,74,125,70.86541420374013,125,153.787415,,,,,,,,,
python,skopt_gp,bbob_f013,5,77,125,33.914595558924546,125,151.268898,,,,,,,,,
python,skopt_gp,bbob_f013,5,3,125,38.75682357511789,125,166.879411,,,,,,,,,
python,skopt_gp,bbob_f013,5,71,125,9.0850766574352,125,142.891275,,,,,,,,,
python,skopt_gp,bbob_f013,5,80,125,22.04172233862269,125,155.417466,,,,,,,,,
python,skopt_gp,bbob_f014,5,3,125,0.1092961808454617,125,201.88824,,,,,,,,,
python,skopt_gp,bbob_f014,5,71,125,0.0327854485626204,125,169.520788,,71.0,,,,,,,
python,skopt_gp,bbob_f014,5,74,125,0.0515347505016521,125,173.00593,,75.0,,,,,,,
python,skopt_gp,bbob_f014,5,77,125,0.0478602586777014,125,189.74538,,105.0,,,,,,,
python,skopt_gp,bbob_f014,5,80,125,0.0314048208691701,125,167.030549,,83.0,,,,,,,
python,skopt_gp,bbob_f015,5,74,125,22.474745455981637,125,163.837034,,,,,,,,,
python,skopt_gp,bbob_f015,5,77,125,23.47706686602828,125,191.069041,,,,,,,,,
python,skopt_gp,bbob_f016,5,77,125,0.3344619684965551,125,177.260204,,,,,,,,,
python,skopt_gp,bbob_f016,5,80,125,0.679629761886531,125,149.690668,,,,,,,,,
python,skopt_gp,bbob_f015,5,3,125,35.27715316910307,125,190.6587,,,,,,,,,
python,skopt_gp,bbob_f015,5,71,125,17.36887603177678,125,182.026429,,,,,,,,,
python,skopt_gp,bbob_f017,5,3,125,0.4234596597693212,125,171.073037,,,,,,,,,
python,skopt_gp,bbob_f017,5,71,125,1.2776021146674452,125,142.887167,,,,,,,,,
python,skopt_gp,bbob_f016,5,71,125,9.060907740649055,125,171.357825,,,,,,,,,
python,skopt_gp,bbob_f016,5,74,125,2.577406791982412,125,209.429884,,,,,,,,,
python,skopt_gp,bbob_f015,5,80,125,29.11341612591997,125,161.979012,,,,,,,,,
python,skopt_gp,bbob_f016,5,3,125,3.3365683378681297,125,251.168753,,,,,,,,,
python,skopt_gp,bbob_f017,5,74,125,0.1669674855339593,125,151.418355,,,,,,,,,
python,skopt_gp,bbob_f017,5,77,125,0.2468334184297873,125,229.508761,,,,,,,,,
python,skopt_gp,bbob_f017,5,80,125,2.6430238862366195,125,163.875256,,,,,,,,,
python,skopt_gp,bbob_f018,5,3,125,5.83592879680765,125,166.420086,,,,,,,,,
python,skopt_gp,bbob_f018,5,71,125,3.156686075613095,125,170.799776,,,,,,,,,
python,skopt_gp,bbob_f018,5,74,125,6.055151193689415,125,149.975301,,,,,,,,,
python,skopt_gp,bbob_f018,5,77,125,12.62657033966093,125,158.540484,,,,,,,,,
python,skopt_gp,bbob_f018,5,80,125,1.56306459441722,125,167.490619,,,,,,,,,
python,skopt_gp,bbob_f019,5,3,125,3.1604001626533886,125,169.013514,,,,,,,,,
python,skopt_gp,bbob_f019,5,71,125,3.0924446309927305,125,158.988972,,,,,,,,,
python,skopt_gp,bbob_f019,5,80,125,3.96780444525178,125,144.869257,,,,,,,,,
python,skopt_gp,bbob_f020,5,3,125,2.933837473870682,125,180.207834,,,,,,,,,
python,skopt_gp,bbob_f021,5,3,125,9.614778965170387,125,174.223599,,,,,,,,,
python,skopt_gp,bbob_f021,5,71,125,2.043148261530206,125,152.020908,,,,,,,,,
python,skopt_gp,bbob_f021,5,80,125,2.00691671095705,125,151.850967,,,,,,,,,
python,skopt_gp,bbob_f022,5,3,125,5.067191628641744,125,170.402155,,,,,,,,,
python,skopt_gp,bbob_f023,5,74,125,2.496753216279558,125,174.453644,,,,,,,,,
python,skopt_gp,bbob_f023,5,77,125,4.25793054476852,125,163.655791,,,,,,,,,
python,skopt_gp,bbob_f021,5,74,125,2.79372984473531,125,292.780508,,,,,,,,,
python,skopt_gp,bbob_f021,5,77,125,0.0497757542093353,125,193.108746,,109.0,,,,,,,
python,skopt_gp,bbob_f019,5,74,125,4.811264124903676,125,275.714714,,,,,,,,,
python,skopt_gp,bbob_f019,5,77,125,3.635961483879568,125,251.116761,,,,,,,,,
python,skopt_gp,bbob_f023,5,80,125,3.194316824863435,125,176.634519,,,,,,,,,
python,skopt_gp,bbob_f024,5,3,125,23.974062860970008,125,125.75578,,,,,,,,,
python,skopt_gp,bbob_f022,5,71,125,11.23042170784015,125,270.436051,,,,,,,,,
python,skopt_gp,bbob_f022,5,74,125,7.290741347766641,125,190.675136,,,,,,,,,
python,skopt_gp,bbob_f024,5,71,125,17.232577141705345,125,147.192855,,,,,,,,,
python,skopt_gp,bbob_f024,5,74,125,28.661755062959017,125,109.020719,,,,,,,,,
python,skopt_gp,bbob_f020,5,71,125,4.1019248636052055,125,271.812379,,,,,,,,,
python,skopt_gp,bbob_f020,5,74,125,3.244711410975057,125,244.735196,,,,,,,,,
python,skopt_gp,bbob_f024,5,77,125,24.747519019640443,125,157.769105,,,,,,,,,
python,skopt_gp,bbob_f024,5,80,125,15.46953902796809,125,107.676641,,,,,,,,,
python,skopt_gp,bbob_f020,5,77,125,3.5768060443777188,125,307.28456,,,,,,,,,
python,skopt_gp,bbob_f020,5,80,125,2.409470180953633,125,217.232001,,,,,,,,,
python,skopt_gp,bbob_f022,5,77,125,0.1320750326221969,125,319.236112,,,,,,,,,
python,skopt_gp,bbob_f022,5,80,125,0.4224123193032483,125,144.150194,,,,,,,,,
python,skopt_gp,bbob_f023,5,3,125,5.42547861809004,125,267.985123,,,,,,,,,
python,skopt_gp,bbob_f023,5,71,125,2.430087174659292,125,197.202102,,,,,,,,,
